regime,seed,method,n_rows_common,auroc,auprc,prec_at_k,shd,n_true_edges,n_rows_scored
linear_gaussian,2025,SNI-D,11,0.7949685534591195,0.4680831873997645,0.4666666666666667,16,15,11
linear_gaussian,2025,MissForest-importance,11,0.8327044025157232,0.5035618507047078,0.4666666666666667,16,15,11
linear_gaussian,2025,SHAP-on-MissForest,11,0.8672955974842768,0.5595045487130116,0.4666666666666667,16,15,11
linear_gaussian,2025,Permutation-on-MissForest,11,0.8371069182389937,0.5544487349595709,0.5333333333333333,14,15,11
linear_gaussian,2025,P-alone,11,0.8062893081761007,0.42858199459433555,0.4,18,15,11
linear_gaussian,2025,SNI-D-fairhost,11,0.7949685534591195,0.4680831873997645,0.4666666666666667,16,15,11
linear_gaussian,2025,Permutation-on-SNI-fair-oracle,11,0.9,0.6535708822896902,0.5333333333333333,14,15,11
linear_gaussian,2025,Permutation-on-SNI-fair-noOracle,11,0.8918238993710692,0.629268275933613,0.6,12,15,11
linear_gaussian,2026,SNI-D,11,0.7951070336391437,0.3393267513222144,0.3333333333333333,16,12,11
linear_gaussian,2026,MissForest-importance,11,0.9029051987767583,0.5018710091078512,0.4166666666666667,14,12,11
linear_gaussian,2026,SHAP-on-MissForest,11,0.9174311926605505,0.5400696033562167,0.5833333333333334,10,12,11
linear_gaussian,2026,Permutation-on-MissForest,11,0.9434250764525993,0.6406515552348886,0.5833333333333334,10,12,11
linear_gaussian,2026,P-alone,11,0.8723241590214066,0.39669449770235776,0.4166666666666667,14,12,11
linear_gaussian,2026,SNI-D-fairhost,11,0.7951070336391437,0.3393267513222144,0.3333333333333333,16,12,11
linear_gaussian,2026,Permutation-on-SNI-fair-oracle,11,0.9365443425076452,0.795800980680013,0.75,6,12,11
linear_gaussian,2026,Permutation-on-SNI-fair-noOracle,11,0.9350152905198776,0.7378556764586176,0.75,6,12,11
linear_gaussian,2027,SNI-D,11,0.586687306501548,0.20461318613611176,0.21052631578947367,30,19,11
linear_gaussian,2027,MissForest-importance,11,0.7667698658410733,0.4537423869761254,0.42105263157894735,22,19,11
linear_gaussian,2027,SHAP-on-MissForest,11,0.8111455108359132,0.48360855661696145,0.3684210526315789,24,19,11
linear_gaussian,2027,Permutation-on-MissForest,11,0.8353973168214655,0.5166485271756028,0.42105263157894735,22,19,11
linear_gaussian,2027,P-alone,11,0.7141382868937047,0.3084677027489915,0.3157894736842105,26,19,11
linear_gaussian,2027,SNI-D-fairhost,11,0.586687306501548,0.20461318613611176,0.21052631578947367,30,19,11
linear_gaussian,2027,Permutation-on-SNI-fair-oracle,11,0.8766769865841073,0.59657294783045,0.47368421052631576,20,19,11
linear_gaussian,2027,Permutation-on-SNI-fair-noOracle,11,0.8771929824561403,0.5843641738547898,0.5263157894736842,18,19,11
linear_gaussian,2028,SNI-D,11,0.7430340557275541,0.37615607361147957,0.3684210526315789,24,19,11
linear_gaussian,2028,MissForest-importance,11,0.7641898864809081,0.41032611852534595,0.42105263157894735,22,19,11
linear_gaussian,2028,SHAP-on-MissForest,11,0.7579979360165119,0.48281119994928384,0.42105263157894735,22,19,11
linear_gaussian,2028,Permutation-on-MissForest,11,0.7925696594427244,0.5395552206264604,0.5263157894736842,18,19,11
linear_gaussian,2028,P-alone,11,0.76109391124871,0.34466230020557537,0.42105263157894735,22,19,11
linear_gaussian,2028,SNI-D-fairhost,11,0.7430340557275541,0.37615607361147957,0.3684210526315789,24,19,11
linear_gaussian,2028,Permutation-on-SNI-fair-oracle,11,0.8761609907120743,0.6682711650378574,0.5789473684210527,16,19,11
linear_gaussian,2028,Permutation-on-SNI-fair-noOracle,11,0.8601651186790505,0.6688270071160276,0.5789473684210527,16,19,11
linear_gaussian,2029,SNI-D,11,0.7160633484162896,0.42685613802527334,0.47058823529411764,18,17,11
linear_gaussian,2029,MissForest-importance,11,0.7782805429864253,0.505361837315414,0.5294117647058824,16,17,11
linear_gaussian,2029,SHAP-on-MissForest,11,0.7918552036199096,0.5855108447179047,0.5294117647058824,16,17,11
linear_gaussian,2029,Permutation-on-MissForest,11,0.8054298642533936,0.6700380360719875,0.5882352941176471,14,17,11
linear_gaussian,2029,P-alone,11,0.7601809954751131,0.44062874275811015,0.47058823529411764,18,17,11
linear_gaussian,2029,SNI-D-fairhost,11,0.7160633484162896,0.42685613802527334,0.47058823529411764,18,17,11
linear_gaussian,2029,Permutation-on-SNI-fair-oracle,11,0.8891402714932126,0.6312418017241495,0.5294117647058824,16,17,11
linear_gaussian,2029,Permutation-on-SNI-fair-noOracle,11,0.8817873303167421,0.6000469185747075,0.47058823529411764,18,17,11
nonlinear_mixed,2025,SNI-D,11,0.6987421383647798,0.2685348188892709,0.4,18,15,11
nonlinear_mixed,2025,MissForest-importance,11,0.8232704402515723,0.5249213307600403,0.4666666666666667,16,15,11
nonlinear_mixed,2025,SHAP-on-MissForest,11,0.8503144654088051,0.5678970564482345,0.4666666666666667,16,15,11
nonlinear_mixed,2025,Permutation-on-MissForest,11,0.8679245283018868,0.5942273181747597,0.6,12,15,11
nonlinear_mixed,2025,P-alone,11,0.7232704402515723,0.34844513287170265,0.5333333333333333,14,15,11
nonlinear_mixed,2025,SNI-D-fairhost,11,0.6987421383647798,0.2685348188892709,0.4,18,15,11
nonlinear_mixed,2025,Permutation-on-SNI-fair-oracle,11,0.8754716981132076,0.6428660178660178,0.6,12,15,11
nonlinear_mixed,2025,Permutation-on-SNI-fair-noOracle,11,0.871069182389937,0.5844860030068741,0.6,12,15,11
nonlinear_mixed,2026,SNI-D,11,0.8822629969418959,0.6276700014114202,0.5,12,12,11
nonlinear_mixed,2026,MissForest-importance,11,0.9579510703363914,0.6510686073186073,0.5833333333333334,10,12,11
nonlinear_mixed,2026,SHAP-on-MissForest,11,0.9678899082568808,0.6841510341510342,0.75,6,12,11
nonlinear_mixed,2026,Permutation-on-MissForest,11,0.9709480122324159,0.7226167623226446,0.6666666666666666,8,12,11
nonlinear_mixed,2026,P-alone,11,0.9143730886850152,0.4978992622826472,0.5,12,12,11
nonlinear_mixed,2026,SNI-D-fairhost,11,0.8822629969418959,0.6276700014114202,0.5,12,12,11
nonlinear_mixed,2026,Permutation-on-SNI-fair-oracle,11,0.9258409785932721,0.804087456660986,0.6666666666666666,8,12,11
nonlinear_mixed,2026,Permutation-on-SNI-fair-noOracle,11,0.9457186544342507,0.7665277880157911,0.6666666666666666,8,12,11
nonlinear_mixed,2027,SNI-D,11,0.7915376676986583,0.43528440524753453,0.47368421052631576,20,19,11
nonlinear_mixed,2027,MissForest-importance,11,0.8457172342621259,0.5223071876278422,0.5789473684210527,16,19,11
nonlinear_mixed,2027,SHAP-on-MissForest,11,0.8880288957688338,0.56323015754448,0.631578947368421,14,19,11
nonlinear_mixed,2027,Permutation-on-MissForest,11,0.9122807017543859,0.6566922072573822,0.631578947368421,14,19,11
nonlinear_mixed,2027,P-alone,11,0.7910216718266253,0.44721592652051384,0.47368421052631576,20,19,11
nonlinear_mixed,2027,SNI-D-fairhost,11,0.7915376676986583,0.43528440524753453,0.47368421052631576,20,19,11
nonlinear_mixed,2027,Permutation-on-SNI-fair-oracle,11,0.8808049535603715,0.5739134630991849,0.631578947368421,14,19,11
nonlinear_mixed,2027,Permutation-on-SNI-fair-noOracle,11,0.8710010319917441,0.5537476521937542,0.631578947368421,14,19,11
nonlinear_mixed,2028,SNI-D,11,0.7296181630546955,0.46729507314361024,0.5263157894736842,18,19,11
nonlinear_mixed,2028,MissForest-importance,11,0.8415892672858617,0.5593167364658842,0.631578947368421,14,19,11
nonlinear_mixed,2028,SHAP-on-MissForest,11,0.8281733746130031,0.5285151274983311,0.47368421052631576,20,19,11
nonlinear_mixed,2028,Permutation-on-MissForest,11,0.8524251805985552,0.6026534663317984,0.5789473684210527,16,19,11
nonlinear_mixed,2028,P-alone,11,0.6965944272445821,0.41577268695434194,0.47368421052631576,20,19,11
nonlinear_mixed,2028,SNI-D-fairhost,11,0.7296181630546955,0.46729507314361024,0.5263157894736842,18,19,11
nonlinear_mixed,2028,Permutation-on-SNI-fair-oracle,11,0.7765737874097007,0.5435076029592378,0.5789473684210527,16,19,11
nonlinear_mixed,2028,Permutation-on-SNI-fair-noOracle,11,0.737874097007224,0.5093946754139959,0.5263157894736842,18,19,11
nonlinear_mixed,2029,SNI-D,11,0.6781674208144797,0.2578255818482542,0.29411764705882354,24,17,11
nonlinear_mixed,2029,MissForest-importance,11,0.877262443438914,0.5996915420780531,0.47058823529411764,18,17,11
nonlinear_mixed,2029,SHAP-on-MissForest,11,0.869343891402715,0.5771478784653803,0.5294117647058824,16,17,11
nonlinear_mixed,2029,Permutation-on-MissForest,11,0.8885746606334841,0.6343915608242423,0.6470588235294118,12,17,11
nonlinear_mixed,2029,P-alone,11,0.6968325791855203,0.3659368382612236,0.4117647058823529,20,17,11
nonlinear_mixed,2029,SNI-D-fairhost,11,0.6781674208144797,0.2578255818482542,0.29411764705882354,24,17,11
nonlinear_mixed,2029,Permutation-on-SNI-fair-oracle,11,0.8976244343891403,0.6885230434197305,0.5882352941176471,14,17,11
nonlinear_mixed,2029,Permutation-on-SNI-fair-noOracle,11,0.8766968325791856,0.6575947658294503,0.5882352941176471,14,17,11
interaction_xor,2025,SNI-D,6,0.8549382716049383,0.7699164751796332,0.5833333333333334,10,12,6
interaction_xor,2025,MissForest-importance,6,0.9830246913580246,0.9405686418844315,0.8333333333333334,4,12,6
interaction_xor,2025,SHAP-on-MissForest,6,0.9969135802469137,0.9880952380952381,0.9166666666666666,2,12,6
interaction_xor,2025,Permutation-on-MissForest,6,0.9938271604938271,0.9791666666666666,0.9166666666666666,2,12,6
interaction_xor,2025,P-alone,6,0.875,0.7046958309889345,0.6666666666666666,8,12,6
interaction_xor,2025,SNI-D-fairhost,6,0.8549382716049383,0.7699164751796332,0.5833333333333334,10,12,6
interaction_xor,2025,Permutation-on-SNI-fair-oracle,6,1.0,1.0,1.0,0,12,6
interaction_xor,2025,Permutation-on-SNI-fair-noOracle,6,1.0,1.0,1.0,0,12,6
interaction_xor,2026,SNI-D,6,0.8163580246913581,0.7065852302459446,0.5,12,12,6
interaction_xor,2026,MissForest-importance,6,0.9891975308641976,0.9609699940582295,0.9166666666666666,2,12,6
interaction_xor,2026,SHAP-on-MissForest,6,0.9984567901234568,0.9935897435897436,0.9166666666666666,2,12,6
interaction_xor,2026,Permutation-on-MissForest,6,0.9953703703703703,0.9833333333333333,0.9166666666666666,2,12,6
interaction_xor,2026,P-alone,6,0.7808641975308643,0.6654270883437551,0.6666666666666666,8,12,6
interaction_xor,2026,SNI-D-fairhost,6,0.8163580246913581,0.7065852302459446,0.5,12,12,6
interaction_xor,2026,Permutation-on-SNI-fair-oracle,6,1.0,1.0,1.0,0,12,6
interaction_xor,2026,Permutation-on-SNI-fair-noOracle,6,1.0,1.0,1.0,0,12,6
interaction_xor,2027,SNI-D,6,0.7746913580246914,0.6736271860746263,0.5833333333333334,10,12,6
interaction_xor,2027,MissForest-importance,6,0.9845679012345678,0.9489019752177648,0.8333333333333334,4,12,6
interaction_xor,2027,SHAP-on-MissForest,6,0.9969135802469137,0.9880952380952381,0.9166666666666666,2,12,6
interaction_xor,2027,Permutation-on-MissForest,6,0.9922839506172839,0.9722222222222222,0.9166666666666666,2,12,6
interaction_xor,2027,P-alone,6,0.8564814814814814,0.6701460712490125,0.5,12,12,6
interaction_xor,2027,SNI-D-fairhost,6,0.7746913580246914,0.6736271860746263,0.5833333333333334,10,12,6
interaction_xor,2027,Permutation-on-SNI-fair-oracle,6,1.0,1.0,1.0,0,12,6
interaction_xor,2027,Permutation-on-SNI-fair-noOracle,6,1.0,1.0,1.0,0,12,6
interaction_xor,2028,SNI-D,6,0.8549382716049383,0.6843419312169313,0.5,12,12,6
interaction_xor,2028,MissForest-importance,6,0.9845679012345678,0.9464447102604998,0.9166666666666666,2,12,6
interaction_xor,2028,SHAP-on-MissForest,6,0.9969135802469137,0.9880952380952381,0.9166666666666666,2,12,6
interaction_xor,2028,Permutation-on-MissForest,6,0.9938271604938271,0.9791666666666666,0.9166666666666666,2,12,6
interaction_xor,2028,P-alone,6,0.8287037037037036,0.648102079050355,0.5833333333333334,10,12,6
interaction_xor,2028,SNI-D-fairhost,6,0.8549382716049383,0.6843419312169313,0.5,12,12,6
interaction_xor,2028,Permutation-on-SNI-fair-oracle,6,1.0,1.0,1.0,0,12,6
interaction_xor,2028,Permutation-on-SNI-fair-noOracle,6,1.0,1.0,1.0,0,12,6
interaction_xor,2029,SNI-D,6,0.8518518518518517,0.7304226475279108,0.6666666666666666,8,12,6
interaction_xor,2029,MissForest-importance,6,0.9845679012345678,0.9455128205128206,0.8333333333333334,4,12,6
interaction_xor,2029,SHAP-on-MissForest,6,0.9969135802469137,0.9880952380952381,0.9166666666666666,2,12,6
interaction_xor,2029,Permutation-on-MissForest,6,0.9922839506172839,0.9722222222222223,0.9166666666666666,2,12,6
interaction_xor,2029,P-alone,6,0.8796296296296297,0.742849426948305,0.75,6,12,6
interaction_xor,2029,SNI-D-fairhost,6,0.8518518518518517,0.7304226475279108,0.6666666666666666,8,12,6
interaction_xor,2029,Permutation-on-SNI-fair-oracle,6,1.0,1.0,1.0,0,12,6
interaction_xor,2029,Permutation-on-SNI-fair-noOracle,6,1.0,1.0,1.0,0,12,6
